{"cameraMode":{"drawMode":0,"name":"Shaded","section":"Shading Mode"},"sceneLighting":true,"audioPlay":false,"sceneViewState":{"m_AlwaysRefresh":false,"showFog":true,"showSkybox":true,"showFlares":true,"showImageEffects":true,"showParticleSystems":true,"showVisualEffectGraphs":true,"m_FxEnabled":true},"in2DMode":false,"pivot":{"x":0.06727337837219238,"y":1.3213757276535035,"z":-0.7459398508071899},"rotation":{"x":-0.25238603353500368,"y":-0.5427453517913818,"z":0.17524780333042146,"w":-0.781699538230896},"size":26.072118759155275,"orthographic":false}