{"cameraMode":{"drawMode":0,"name":"Shaded","section":"Shading Mode"},"sceneLighting":true,"audioPlay":false,"sceneViewState":{"m_AlwaysRefresh":false,"showFog":true,"showSkybox":true,"showFlares":true,"showImageEffects":true,"showParticleSystems":true,"showVisualEffectGraphs":true,"m_FxEnabled":true},"in2DMode":false,"pivot":{"x":-1.0488061904907227,"y":0.786350429058075,"z":-3.5722129344940187},"rotation":{"x":-0.007893322966992855,"y":-0.9880529046058655,"z":0.05521022528409958,"w":-0.14266176521778108},"size":6.213251113891602,"orthographic":false}