{"cameraMode":{"drawMode":0,"name":"Shaded","section":"Shading Mode"},"sceneLighting":true,"audioPlay":false,"sceneViewState":{"m_AlwaysRefresh":false,"showFog":true,"showSkybox":true,"showFlares":true,"showImageEffects":true,"showParticleSystems":true,"showVisualEffectGraphs":true,"m_FxEnabled":true},"in2DMode":false,"pivot":{"x":-0.27596136927604678,"y":5.997950553894043,"z":-8.530182838439942},"rotation":{"x":-0.14232568442821504,"y":-0.00386219285428524,"z":0.0005630349623970687,"w":-0.9898290634155273},"size":4.827542781829834,"orthographic":false}