{"cameraMode":{"drawMode":0,"name":"Shaded","section":"Shading Mode"},"sceneLighting":true,"audioPlay":false,"sceneViewState":{"m_AlwaysRefresh":false,"showFog":true,"showSkybox":true,"showFlares":true,"showImageEffects":true,"showParticleSystems":true,"showVisualEffectGraphs":true,"m_FxEnabled":true},"in2DMode":false,"pivot":{"x":-1.1826653480529786,"y":1.857403039932251,"z":-1.0304219722747803},"rotation":{"x":-0.0005582202575169504,"y":-0.9932034611701965,"z":0.004777463618665934,"w":-0.11612531542778015},"size":7.154796600341797,"orthographic":false}