{"cameraMode":{"drawMode":0,"name":"Shaded","section":"Shading Mode"},"sceneLighting":true,"audioPlay":false,"sceneViewState":{"m_AlwaysRefresh":false,"showFog":true,"showSkybox":true,"showFlares":true,"showImageEffects":true,"showParticleSystems":true,"showVisualEffectGraphs":true,"m_FxEnabled":true},"in2DMode":false,"pivot":{"x":0.026279494166374208,"y":2.9994215965270998,"z":5.479544639587402},"rotation":{"x":-0.2072979211807251,"y":-0.002350092167034745,"z":0.0005035839858464897,"w":-0.9782909154891968},"size":6.216546535491943,"orthographic":false}