{"cameraMode":{"drawMode":0,"name":"Shaded","section":"Shading Mode"},"sceneLighting":true,"audioPlay":false,"sceneViewState":{"m_AlwaysRefresh":false,"showFog":true,"showSkybox":true,"showFlares":true,"showImageEffects":true,"showParticleSystems":true,"showVisualEffectGraphs":true,"m_FxEnabled":true},"in2DMode":false,"pivot":{"x":23.20063591003418,"y":3.9827933311462404,"z":29.358915328979493},"rotation":{"x":-0.019809240475296975,"y":0.0035960543900728227,"z":-0.00007716161053394899,"w":-0.9998190402984619},"size":50.445343017578128,"orthographic":false}