{"cameraMode":{"drawMode":0,"name":"Shaded","section":"Shading Mode"},"sceneLighting":false,"audioPlay":false,"sceneViewState":{"m_AlwaysRefresh":false,"showFog":true,"showSkybox":false,"showFlares":true,"showImageEffects":true,"showParticleSystems":true,"showVisualEffectGraphs":true,"m_FxEnabled":true},"in2DMode":false,"pivot":{"x":1.6383461952209473,"y":1.3795807361602784,"z":4.700873374938965},"rotation":{"x":0.01168659795075655,"y":0.02309400402009487,"z":0.0002689241082407534,"w":-0.9996825456619263},"size":6.439748764038086,"orthographic":false}